{"accuracy": [0.6240477561950684, 0.7448585033416748, 0.7769084572792053], "loss": [1.2021746635437012, 0.7633188366889954, 0.6564457416534424]}